{
	"partitions" : [
		{
			"name" : "Top",
			"pins" : [
				{
					"name" : "output_vector[0]",
					"strict" : false
				},
				{
					"name" : "output_vector[1]",
					"strict" : false
				},
				{
					"name" : "output_vector[2]",
					"strict" : false
				},
				{
					"name" : "output_vector[3]",
					"strict" : false
				},
				{
					"name" : "output_vector[4]",
					"strict" : false
				},
				{
					"name" : "output_vector[5]",
					"strict" : false
				},
				{
					"name" : "output_vector[6]",
					"strict" : false
				},
				{
					"name" : "output_vector[7]",
					"strict" : false
				},
				{
					"name" : "clock",
					"strict" : false
				},
				{
					"name" : "A[0]",
					"strict" : false
				},
				{
					"name" : "B[0]",
					"strict" : false
				},
				{
					"name" : "B[3]",
					"strict" : false
				},
				{
					"name" : "B[2]",
					"strict" : false
				},
				{
					"name" : "B[1]",
					"strict" : false
				},
				{
					"name" : "A[1]",
					"strict" : false
				},
				{
					"name" : "A[2]",
					"strict" : false
				},
				{
					"name" : "A[3]",
					"strict" : false
				}
			]
		}
	]
}